1990,1991,1992,1993,1994,1995,1996,1997,1998,1999,2000,2001,2002,2003,2004,2005,2006,2007,2008,2009,2010,2011,2012,2013,2014,2015,2016,2017,Country Code
,,,,,84.91104859,86.63511637,82.52558184,79.65026354,79.93358865,74.40032444,70.49752691,64.92086331,63.10116086,65.07896716,68.55225312,65.85253456,66.16107669,67.7045177,63.78269618,61.0422996,67.81332165,65.24134891,76.50951199,77.55555556,73.51703023,71.29402901,73.33211479,ABW
,,,,,,,,,,,,,,,,,,,16.96730188,16.1826331,17.17448856,11.69851076,6.727290342,9.691866972,7.119569064,5.867036072,5.70973391,AFG
,,,,,,,,,,89.68583119,75.38894373,57.0849959,54.32133738,58.38034553,65.52626777,63.4678635,67.90578337,72.47502847,58.75730302,61.54311272,60.66994844,55.94013141,50.74708439,44.69503125,29.75459949,28.12448456,29.00410005,AGO
15.40506383,7.484818725,12.49959149,15.97882981,11.98369435,12.6408295,11.62032872,10.1971199,11.46715404,16.84177663,20.11528595,21.33341803,20.94560691,20.84740122,22.21757431,23.01298514,25.20960484,28.24787244,25.30241695,25.24071661,27.97942273,29.24153534,28.93748744,28.91632263,28.21300894,27.26740028,28.97789681,31.56979807,ALB
,,,,,,,,,,,,,,,,,,,,,,,,,,,,AND
32.31721665,28.94634675,30.54362937,28.71110986,29.66090507,31.38425845,32.49056539,37.30244435,33.10213609,36.31561223,42.61101779,40.8636543,41.66649698,45.68179683,48.98827066,52.77531163,53.90901834,53.94055001,57.19050218,47.66267957,50.83289881,55.14897968,56.38893575,54.53925667,51.03552792,43.98322223,40.86340409,44.47274934,ARB
,,,,,,,,,,,49.15922533,49.50334738,55.92319922,63.56772981,67.58531139,68.62779767,72.3840975,78.8678887,79.65331786,82.24241809,90.0765712,100.2464956,100.5477884,99.56083028,100.8704802,101.0030139,99.59493841,ARE
10.35953659,7.675043348,6.598187472,6.909351534,7.529948726,9.68041026,10.42859676,10.5608501,10.41558196,9.827174515,10.98637523,11.57900808,28.382597,25.93094293,23.84761942,23.24587673,23.0266946,22.66275031,22.06090038,19.56098506,18.93382341,18.44920915,16.23785946,14.61717339,14.40547859,10.70565205,12.52709517,11.24272132,ARG
35.00298151,40.74538838,39.82075502,47.21897587,39.32803935,23.92792083,23.2400035,20.27326939,19.00301997,20.75824695,22.16141881,24.1458544,27.83210837,30.48299789,28.19074382,27.31319795,22.14598144,18.18935698,14.26572957,14.67090075,19.74841532,22.52318826,27.56672188,28.3591265,28.5651387,29.72799648,33.14800495,37.32950312,ARM
,,,,,,,,,,,,100.7782101,97.34345351,89.84375,99.00596421,99.7983871,97.11538462,113.8543517,78.17109145,63.19444444,58.36236934,74.8447205,71.29485179,66.35514019,64.59909228,65.49079755,60.13289037,ASM
75.15195927,76.78183519,81.5706077,82.08287182,74.04773441,69.56882138,63.51629595,65.13043555,64.00951016,61.71107967,56.23766663,55.61529709,52.52359964,54.06902947,58.06724451,53.34318267,47.3783263,44.32581534,45.69968451,45.8747921,45.6023234,47.26953529,45.27973431,46.17685138,47.26934339,45.05101314,42.38446109,,ATG
15.14652536,16.06140736,16.69136445,17.57279145,18.00531178,17.91688487,18.93919435,19.17481105,19.59557692,18.34389276,19.43465944,22.22572071,20.7745942,19.0950859,17.2032858,18.26510157,19.8939213,20.20360889,20.16167323,23.00481294,19.81000775,21.43641705,21.48082841,19.95616761,21.039455,19.98484551,19.25105708,21.19320015,AUS
35.69741465,34.59048808,33.15526766,31.46389801,32.15853389,33.53314035,34.24927611,37.02808274,38.35102119,39.35703789,43.34627395,44.61755552,45.3193862,44.57041472,46.86721497,48.6197522,50.84166886,52.56086942,53.24886062,45.20741656,51.26216033,53.94867085,53.9736762,53.4412933,53.38657905,53.08906056,52.45109491,54.03767102,AUT
43.86084584,45.65868263,86.20360573,57.46242038,24.72111022,32.48664355,24.92863939,29.03460723,22.69952915,27.97012,40.17083148,41.49860787,42.76783505,42.00657665,48.78900846,62.94110601,66.50414484,68.12891169,65.77613785,51.63574568,54.30472154,56.42698053,52.97468019,48.41583308,43.27355666,37.79477749,46.42764939,48.54786473,AZE
7.872992294,9.917377701,8.749180522,9.381960846,10.27176505,12.92634285,5.820321019,9.835472579,7.999750125,7.575757576,6.318970594,5.179202165,4.685804181,6.381414025,6.952748287,6.2,7.3,6.800000136,10.50000026,6.600000274,9.700001639,8.800000284,9.700000891,9.1,7.603418782,5.732968591,6.65258895,7.4447026,BDI
61.61369079,60.22965503,58.80893059,56.10774129,58.42495903,60.11437172,61.19239096,64.78658108,64.17434502,64.56305952,72.54739516,71.61195892,70.8312977,69.03650851,70.90627745,74.28282892,76.80499706,78.3018047,80.88061998,68.83400371,75.85006448,80.69736291,80.40449051,79.3243484,79.80100907,77.80528215,79.40269776,82.38680625,BEL
19.18130301,21.00248606,23.23914805,22.46438304,28.32701862,27.3689425,26.49881155,27.17613459,27.09293955,23.00953079,20.60530255,19.86857881,19.72661078,18.64429725,18.51354757,18.48363998,18.05792571,22.04285312,22.14072027,19.92796684,23.07204807,20.8496515,23.89673687,27.57056532,31.43084112,24.72045121,27.60678807,27.20559478,BEN
10.96669141,10.44754844,8.846480369,8.951543281,14.20162115,14.14055654,10.56360521,10.812531,12.80810302,8.354005506,8.844717485,9.044082767,8.865365632,9.220431658,10.8815873,9.841847478,10.9568635,10.34854222,10.14932705,13.78897086,20.51584886,26.19550052,26.59808542,27.07698545,26.93200415,26.10764554,25.93779648,26.32005999,BFA
5.908316487,6.662611969,7.58667691,9.017269036,9.001543646,10.86463421,9.70650765,10.52037056,11.75733123,11.75864239,12.34420123,13.38655921,12.40996893,11.4311487,11.14650895,14.3928419,16.35346357,16.99533485,17.65885848,16.94013291,16.02411269,19.92207496,20.16158886,19.53787411,18.98966,17.33667379,16.64971688,15.03610611,BGD
33.11919208,43.47826087,47.11155378,38.20675811,45.04756469,32.33950887,48.49698831,49.57618754,41.94134883,42.74979463,36.21885804,34.88131742,33.64730372,34.416944,40.95663729,42.52956666,46.97787863,52.38770566,52.51854154,42.23859933,50.42479702,59.12547344,60.67447682,64.83588245,64.82670242,63.99073245,64.070989,67.30355987,BGR
115.5558287,85.00316299,84.38199172,83.87459725,81.19327022,81.9905466,87.9135243,79.07678218,64.60367296,78.86724559,79.18066703,73.61076132,72.5085663,72.063072,78.60514596,83.89404821,84.63894426,79.67952923,82.57734838,68.46559387,69.53731774,99.41866913,102.1455248,104.8048033,96.05075125,82.90638896,74.16594852,75.88692791,BHR
54.16077069,50.9510922,50.24702477,51.96668823,51.02147898,49.54913969,48.03768357,36.88040478,34.65716017,36.45688956,38.04756286,34.07258864,36.17545456,35.81023417,38.2152311,38.75988695,38.30927734,40.09195411,39.49363481,34.19067999,34.95328732,37.43526853,38.12695303,40.19521524,38.01874777,35.10036333,35.27440863,34.5017448,BHS
,,,,15.44828942,20.41173902,23.61770625,27.8336349,27.30319723,27.64394678,28.69084267,28.39251174,24.34785182,30.28986625,27.81109309,31.63112051,35.02181135,27.10155319,26.84807164,25.00937959,29.69554093,32.03596914,32.3505389,33.74304495,33.98014015,34.87107111,35.64628152,40.83058781,BIH
45.95842956,33.33333333,59.7826087,67.6142132,71.2696004,49.66516478,46.34980374,59.8598806,59.0511293,59.20334137,69.21082134,66.74760674,63.62751594,65.15637991,67.88633336,59.79780872,60.06131177,60.94305272,60.93775522,48.87646182,51.37288535,78.46536152,78.77690728,58.33357811,54.94100406,58.01076657,62.50934712,66.7896002,BLR
48.96767824,43.6228802,49.71944417,46.69071144,49.83190549,47.96101012,50.00342229,52.77929485,52.58146878,54.32153364,52.97365543,51.07160131,52.98867088,53.55702593,50.87301565,55.26308244,61.50224766,62.0031653,63.16858327,52.39435968,59.05414609,62.61903751,64.45279729,65.36052298,62.31736829,58.81546583,52.60248155,54.97628498,BLZ
,,,,,,,,,,,,,,,,,,,46.48877493,47.08311413,47.6371841,46.76156566,47.66826764,,,,,BMU
22.77698001,21.47934616,20.04576087,19.08076747,21.66331203,22.55142093,22.58187046,21.11060246,19.69868391,16.88089845,18.27474597,19.97214852,21.63445507,25.60073348,31.13839056,35.5481435,41.77171451,41.79565662,44.90655623,35.72262529,41.18745577,44.0917015,47.16619711,44.09247948,43.29308749,30.86829588,24.48800571,24.90414433,BOL
8.199990015,8.676973095,10.86824925,10.50327024,9.665051387,7.528875038,6.730209683,6.983649575,7.030500339,9.564898261,10.188048,12.37171067,14.23059027,15.18078371,16.54576151,15.24382927,14.3743163,13.3276751,13.53400051,10.85137113,10.86558477,11.58251532,11.87755984,11.74223064,11.01194282,12.90019142,12.46667904,12.52307537,BRA
43.13071411,40.56102362,41.33367399,42.28433735,45.25537324,46.86252523,47.99116533,46.49751244,42.39322273,41.68603672,43.23582285,40.9723359,38.9859971,42.95840474,41.68674699,44.81476633,48.04337048,48.64899765,48.63238767,43.58058896,46.45918874,44.46967472,42.60685033,41.98059333,40.32159906,41.44317815,43.13234472,42.19159401,BRB
61.80849397,66.67709148,57.87234043,54.76334037,51.08121096,59.71684054,59.93345349,57.18543475,50.4719764,55.81633962,67.35433192,69.52530593,67.12183029,69.28925184,68.79904697,70.16844716,71.72469796,67.85275077,78.29923669,72.78317629,67.40746923,69.50607218,70.16126866,68.04187464,68.17708045,52.21059737,49.57690627,49.5732417,BRN
26.83037079,32.15821957,31.98648221,31.56841218,29.52874258,37.76893581,35.48812893,35.90471555,33.10001129,31.11449204,30.39421022,27.13587347,24.6140542,26.28915184,31.94388273,39.30234047,55.83384468,56.275756,50.00319473,45.8156747,43.48069242,42.20491528,39.64735231,41.43022537,37.45195066,34.4356494,29.61697448,30.08318938,BTN
55.05540706,53.02951416,48.1795631,47.0957972,47.82239868,50.83649784,53.82844448,60.88073855,49.2891721,55.19726829,51.83181007,48.65760824,52.15742678,48.82685783,49.61378778,52.92355354,52.25447364,54.51608256,45.6739672,34.80094895,43.63546441,49.95053503,49.25074438,61.52261966,58.46689464,49.81552898,52.5612058,39.67022693,BWA
17.06746887,17.58667102,16.8657,17.09955455,23.39941089,22.22094496,21.47038628,26.88428026,22.65688657,19.22365028,20.37221359,17.15725384,15.96270494,18.23600384,13.99791751,13.36275333,14.31600515,14.11532742,11.0036647,9.841649902,11.62580107,13.1278201,11.550133,14.97295479,16.67578759,17.06766062,14.82187966,17.25977376,CAF
25.1648997,24.44108213,26.28757058,29.23766599,32.88393896,36.2133628,37.22012128,38.25932072,40.16771667,42.00534019,44.3568161,42.18850422,40.20128597,36.9964577,37.45521827,36.97492216,35.50606585,34.3193529,34.48067454,28.58804427,29.23608308,30.75016865,30.35302552,30.33193867,31.73657587,31.84996096,31.50257241,31.41052736,CAN
,,,,,32.40279671,32.79555344,35.03137336,34.99611909,34.84305827,37.98290437,38.53403126,38.01927168,40.10891937,43.60331324,45.39069771,49.16316337,50.2711245,49.77584932,46.41940674,52.29801422,56.82021672,59.09256482,60.53201876,62.04778233,62.56528419,63.43784166,64.99202622,CEB
42.10981642,40.49509277,41.41189285,41.42871741,40.70318233,40.68199294,41.74085369,47.24159374,46.70180734,47.41241586,52.1179027,50.88934286,48.93698712,48.10844327,51.47103957,53.79047112,56.49117013,61.30363524,62.66116373,57.23045434,63.9656691,65.46550135,67.03361061,71.92494262,64.2737114,62.21614788,65.74425089,65.03266312,CHE
,,,,,,,,,,,,,,,,,,,,,,,,,,,,CHI
32.49457682,31.3010166,28.96179193,25.88068051,27.46324068,28.62625201,26.64554267,26.4704497,25.52113207,28.76613108,30.53170013,32.39863012,32.80393363,35.65904551,39.80237039,40.15981647,43.79510678,45.06900389,41.42416775,37.04077361,37.74511254,37.76195747,34.12185872,32.19947338,33.11074972,29.3763486,28.14862788,28.43950047,CHL
13.61471017,14.48787815,15.65821968,16.70229455,18.53674857,17.95101808,17.92329555,19.49316446,18.34232158,18.16269616,20.89344482,20.31214574,22.64474567,26.98075653,31.06133758,33.82985757,36.03502555,35.43480164,32.60271532,24.74985904,27.1853298,26.56818828,25.49252002,24.59925566,23.51006107,21.35408044,19.58437899,19.69227814,CHN
31.68987467,30.01172634,31.90948693,29.44245287,40.52740186,41.75929966,41.10099509,42.91595731,41.39640228,42.4023849,40.78102913,40.70005794,47.46234948,41.89141613,46.40501472,49.89836053,52.36758894,47.22598261,47.11608733,50.85444236,50.63264302,53.8199572,48.9288579,41.53105069,39.27465106,27.35560794,24.59506751,24.92012188,CIV
20.1829144,19.99888046,20.54702225,13.91794311,21.08939979,20.63709703,23.26041974,24.8800336,22.54840037,20.04832716,25.90820941,25.83939588,24.2969004,20.92778439,22.70945864,24.59797915,25.63861483,28.8854045,29.05769615,21.40326478,22.17214409,25.93207364,26.11820061,25.56776428,24.93807419,22.25966622,19.23934954,18.58391647,CMR
,,,,22.62529441,28.48228831,30.00276309,18.75000023,29.79008829,23.63566992,11.44961203,11.98768483,15.67134281,24.00044304,22.72951351,22.94418278,21.70009853,39.07191379,39.02779926,26.81378781,41.11115415,39.51561667,30.80300902,36.44586131,36.83218885,27.7255678,23.9564422,35.25052218,COD
51.77735958,41.63458853,40.69209692,42.83637057,58.51702125,64.70457016,68.45821343,75.59663937,76.27762977,72.29007107,80.29714722,77.42002685,81.51642548,80.8123656,80.52979283,84.15817311,84.15967781,78.52948416,75.15149621,70.41797712,85.11967006,87.28305094,83.77514731,76.5324601,72.98675034,69.27556739,66.46572105,90.7831728,COG
18.86266903,19.0945389,16.5185547,15.18449529,14.99836183,14.53374289,15.1994617,14.84154374,15.00735084,18.34657875,15.91513972,15.38713577,14.81556968,16.57529971,16.77075142,16.97104374,17.72858775,16.43314213,18.10959514,16.42449569,16.34084476,19.27650507,18.81120528,18.08643972,16.63474911,15.65021151,14.71713928,15.14528975,COL
8.836453792,8.836287957,8.836502404,8.835914472,8.836054473,8.836404835,8.836459362,8.836305513,8.836263488,8.835953071,8.836314059,8.836260798,8.836176751,8.836129879,8.836027179,8.836281081,8.836179333,8.975341967,8.221347229,9.311938672,9.638904635,9.956415447,8.945869239,9.048387214,9.676472177,10.13619831,10.67289558,11.90131645,COM
17.13196947,16.56407354,17.28300759,13.26083108,15.04629954,17.13695269,20.19915756,27.4417263,22.79615288,20.97594563,27.00721854,29.80941288,32.54495671,31.36435117,32.00417307,37.77736046,45.13220526,36.01741324,36.89595833,31.07745164,32.67031806,35.51923974,40.43180426,40.49244284,40.36113969,44.90744231,44.229689,45.92281296,CPV
34.19026834,33.53320911,35.42840704,36.20940721,36.07096948,38.34487755,40.21910062,41.816353,44.17866369,42.73547354,43.11444085,40.668462,39.40045983,40.85087719,42.39362208,43.66580873,43.53023151,40.79568223,39.04581546,34.84007247,33.17295769,32.85658296,32.16956883,31.33301741,32.25500516,30.82494048,32.09551247,32.76390692,CRI
,,,,,,,,,,,,,,,,,,,,,,,,,,,,CSS
30.23904521,21.93117971,16.91826697,13.19420995,13.23971374,13.40151187,15.31336107,14.92396797,14.25261422,14.53747908,14.13002938,13.23447719,11.52706867,12.95193475,16.02177839,21.01804345,18.71345473,20.33635987,20.56760566,17.45972938,22.57026489,25.10363821,25.5109993,24.10043034,22.08391192,17.14734945,14.98303601,14.54089271,CUB
,,,,,,,,,,,,,,,59.49628496,63.39065248,60.85344206,69.4667582,60.68401394,55.53953322,71.02052971,75.68520635,68.96235921,72.24137598,,,,CUW
,,,,,,,,,,,,,,,,,,,,,,,,,,,,CYM
51.50056472,47.08565081,49.45696026,47.49137428,47.68948392,66.76331985,70.20764086,69.18559249,68.69748906,66.92645712,69.96284373,68.20886702,62.40531203,57.76214593,56.88979898,55.69211026,53.43572738,53.25889801,50.08160098,48.72214083,50.37974806,53.49515905,55.31225938,61.36031258,66.10918141,70.3258965,70.75031294,73.01529923,CYP
33.07726406,38.60816489,40.04592951,40.12560939,37.27180435,40.39958473,38.31682929,40.46147366,42.20851859,42.92033997,48.19229106,49.02794017,45.12414772,46.90732434,57.34044443,62.18195729,65.18629879,66.40896619,63.22636742,58.68429978,66.02952103,71.30715673,76.17007462,76.87095181,82.54569243,81.04930107,79.55561987,79.7260775,CZE
22.83583655,23.664901,22.19469349,20.31344059,21.11071028,21.99423628,22.86002769,25.36027331,26.40690621,26.95923243,30.84771157,31.84470712,32.59257911,32.81171295,35.71336386,38.05957235,41.43290791,43.3227581,43.79919026,38.11990694,42.56547341,45.05713628,46.30712014,45.41867786,45.61926331,46.84858766,46.02319645,47.3974342,DEU
,,,,,,,,,,,,,,,,,,,,,,,156.5383009,158.3743113,141.4584591,100.619886,147.8282577,DJI
45.03752693,42.00648948,42.58832045,39.63950646,39.98098665,40.65245764,41.53466126,45.26503085,47.0220444,47.26768974,43.33571014,35.63983249,36.96560908,34.49084233,35.53337094,35.48591865,37.0132965,35.08607781,34.20712813,30.25085863,36.30479326,39.25733125,33.96351138,35.06427828,34.21555505,47.63399064,46.17940379,40.60241101,DMA
36.42315547,37.68247711,36.95438333,36.56621297,36.85186132,36.61195704,37.06738363,37.76286105,37.18656052,39.34843668,44.84726556,45.55449395,45.70447919,43.83840887,43.92843496,47.45212552,50.73004702,51.48253505,54.17579741,47.12607346,50.52292764,53.82014893,54.63049402,54.82881899,54.61313964,55.41817498,53.42598048,55.13886639,DNK
30.61070791,19.19628692,36.80375032,36.3893324,36.20853992,35.22672162,34.88670973,35.22228754,34.30988428,34.98110211,35.49782514,31.89062009,30.72401016,42.15299816,41.14747664,28.33113815,28.22491627,26.76202201,23.90673649,21.0309281,22.67575221,24.18697531,24.58317787,25.16715873,25.15139056,23.7615823,23.90937952,23.68214534,DOM
23.44368508,29.11782217,25.31959428,21.783877,22.53072525,26.19477598,29.76044833,30.90631138,22.57835401,28.14835402,42.07207644,36.68622256,35.5045547,38.24918133,40.05301589,47.20444327,48.81020996,47.06775439,47.973958,35.37219101,38.44441109,38.78675715,36.89025707,33.209594,30.21911368,23.17160004,20.87287178,22.66186469,DZA
18.43736388,19.42316699,20.52735648,21.15214753,23.13631644,23.03682379,23.04073807,25.23448116,27.44304874,26.08180605,28.78223854,27.73962356,28.81676172,32.13194,35.96808909,38.31022868,39.84785014,38.98440103,36.52606059,29.10856,31.35196433,31.01487144,29.79395208,28.91841569,28.13530343,26.12166814,24.51755149,25.01649122,EAP
19.91434824,19.39252229,19.36875607,19.34679257,20.62524295,22.18066678,23.23399808,23.24831893,23.0802749,22.70678078,25.29250574,24.36796092,25.8820104,26.52556346,28.65376142,30.33260025,30.46310774,29.89600267,30.75100471,25.98250279,27.64728642,29.13456434,28.72975223,28.18360034,26.48323854,24.36691766,23.92033564,25.13184176,EAR
20.63198351,20.85286357,21.22000835,21.30634954,22.28200379,22.7579107,22.77974437,24.23605746,25.91185493,24.73968229,26.97947495,26.21723193,26.97770341,29.3517346,32.4191801,34.13904131,35.95104352,36.16325522,36.08910794,29.92635911,32.6138676,33.16835232,32.42235007,32.20911598,32.03946021,30.09605243,28.20956316,29.24405217,EAS
18.94405448,16.26371056,47.33916311,32.16169451,28.57628377,28.68488723,27.24784462,27.27672247,29.04174377,35.96938787,38.32003979,35.55573019,33.98300524,33.82639919,34.35187618,33.90741223,33.19381241,31.20878325,32.73563635,29.25985481,29.93609264,31.00029391,30.50873679,28.68038112,29.84057251,30.17964569,28.55606754,29.79492998,ECA
25.63360187,25.2734082,29.03892173,27.35440107,28.01325817,29.03745374,29.24208158,30.88720237,31.2213062,32.27765808,35.53365093,35.07910236,34.12048938,33.54229456,34.8690635,36.05439543,37.81191568,38.16344011,38.92218111,34.73903415,37.9752183,40.38887212,41.2837793,41.20072976,41.38682186,41.86428889,41.42757255,42.88702214,ECS
22.76437202,23.67458359,24.13374014,20.03584083,20.27981807,21.28690337,22.27328469,21.53492621,17.89195087,26.37754164,32.12753529,23.22274709,21.49237389,22.59840005,24.5543486,27.6181741,30.33307477,31.93176797,34.16363955,25.24910794,27.89495597,31.1211998,30.16480927,28.6382883,28.05185415,21.25822138,19.50479127,20.83281789,ECU
20.35490605,27.46666667,28.39683681,25.83762887,22.57142857,22.54901961,20.74978204,18.8416698,16.21433542,15.0520156,16.20111732,17.47978812,18.31617841,21.79640719,28.22996085,30.34354689,29.94981383,30.24973147,33.04299274,24.95682211,21.34924581,20.56742761,16.39696662,17.01784562,14.24413146,13.18384549,10.34546394,15.8184438,EGY
25.84393069,25.93174356,25.62449988,25.56624399,26.96650611,28.53681708,28.9418772,31.14277937,31.61065146,31.7794954,35.36149705,35.28041904,34.57900852,33.68873403,35.21197288,36.52538539,38.49893998,39.54952429,39.91171968,34.9927412,38.87987517,41.58703464,43.06388184,43.11448626,43.60092074,44.47934863,43.89401245,45.45760396,EMU
,,11.42360635,30.55669092,28.01966292,22.38801936,29.23377036,29.61482279,14.83448359,9.534407549,9.670620594,10.80704036,11.78118084,6.442327834,5.775398982,6.16571332,6.899509392,5.771852584,4.428756649,4.528623859,6.378376598,18.15483726,,,,,,,ERI
15.72479823,15.76071985,16.18754901,17.70888766,20.31113539,21.82709927,23.0323608,25.66978901,26.10194733,26.35150901,28.56335793,27.86161916,26.55399492,25.62890612,25.41198482,24.97926904,25.2413025,25.98473881,25.62392917,23.06169417,25.95167935,29.5349622,31.45527248,32.96257747,33.48256759,33.62651843,33.8800905,35.17839222,ESP
,,,64.22457701,69.20264786,65.97675295,61.3542351,70.47410304,73.74043435,69.80383448,61.54633325,61.20685693,57.92065088,57.14131942,61.08695163,65.47430106,63.30599139,62.60846373,66.31155738,60.52195657,74.44532513,85.83402348,85.56756341,84.02340247,81.33089812,76.87341316,77.45379427,76.13768653,EST
,,,,,,,,,,,,,,,,,,,,,16.6868532,13.7672982,12.48407356,11.64161991,9.363313597,7.812080503,7.629368622,ETH
26.17737601,26.36767008,26.21071999,26.17595513,27.58556276,29.04429601,29.41536042,31.59992456,32.08241492,32.30231544,35.85773535,35.79477325,35.08330888,34.39213495,36.03801435,37.4298615,39.56686667,40.59460933,40.97732233,36.16843836,40.04081767,42.77842617,44.21069884,44.28416683,44.88406067,45.73909741,45.2141773,46.74477749,EUU
25.61709248,21.82928642,20.07332246,19.15216802,19.57368344,21.22610859,23.95265524,31.17368792,27.75709758,29.02477889,33.8172098,28.33723404,31.60295145,35.05309784,33.76373951,34.60932349,35.77545338,32.21863766,33.68694544,24.50265385,31.31210495,32.18891454,31.95156314,27.60712289,24.0018149,,,,FCS
22.14624171,21.26951979,25.54433724,31.38096794,34.03563676,35.76494942,36.31946553,37.77739673,37.43878347,37.60439976,42.03104616,39.76408441,39.13500263,37.32083902,38.61537686,40.27336705,43.07420025,43.8259066,44.90000772,36.08092568,38.41439756,38.90039293,38.80827907,38.01762912,36.48143762,35.40695887,34.81045247,37.67558943,FIN
,,,,,,,,,,,,,,,,,,,,,,,,,,,,FJI
20.97573338,21.33488442,21.33055935,20.79257941,21.66032273,22.62292606,23.05556487,25.52319542,26.12649198,26.07653539,28.59497425,28.2658952,27.53105026,26.11196897,26.46883632,27.03305104,27.93505509,27.85325751,28.11938486,24.83554721,26.78829984,28.42133748,29.20302719,29.36473787,29.6666845,30.59262238,30.24753718,30.94863319,FRA
,,,,,,,,44.19494322,46.87855872,49.83523418,49.65608216,47.34159945,44.68863352,41.75927391,42.58594398,41.57748007,41.90891007,45.87079762,41.51933293,44.34074312,50.59600371,52.3499285,53.52880177,51.35751697,51.211522,,,FRO
,,,,,18.20365357,18.41332292,18.0259241,18.75305828,16.4620322,17.97109638,19.24132748,18.08284113,18.76488441,15.52806407,16.71599105,18.08150842,22.48094921,23.32066985,21.87205433,23.69035115,24.71426424,29.88778871,30.39742206,31.82842674,27.06500271,27.65420513,29.96096183,FSM
46.03850426,47.26345929,46.07555286,48.79461351,61.67563998,59.38699903,62.66324499,61.30401081,47.40635161,59.61250435,69.03217671,54.27523248,52.60889969,51.9294345,55.03915528,60.00867276,60.57181652,58.52860459,62.19971201,52.17173218,57.66349238,61.74437213,60.95034144,57.35740588,44.52089239,46.0320085,44.03534729,50.22675397,GAB
23.07190065,22.3459286,22.67027886,24.55759966,25.78977692,25.55512949,26.15070901,25.55043921,24.16943838,23.92404589,25.19890001,25.03635433,24.11143616,23.8566364,23.71270059,24.97360833,27.10107578,25.23975349,26.98941023,26.37307819,28.27507121,30.7000188,29.97510397,29.9526011,28.50205482,27.65142188,28.4392369,30.36612544,GBR
40,27.60416667,35.65683646,46.88874116,57.77210462,25.50189571,13.32620396,15.61022415,16.45873439,19.05559299,22.99446642,24.4613665,29.22927575,31.45572798,31.12893539,33.2590419,32.47086636,30.81829844,28.26331986,29.54520182,32.95450379,34.68779804,36.51629063,41.7219539,39.93445573,40.86223663,40.79975444,46.52761423,GEO
16.87789041,16.96354606,17.22595549,20.25391906,25.25863593,24.49644594,32.11218217,32.41029093,33.87135176,32.07833895,48.80225762,45.23301647,42.61625189,40.67904265,39.30332512,36.44921695,25.19211876,24.5250906,25.0294573,29.29186598,29.47671798,36.93660855,40.35921817,25.82937988,28.82108383,31.95879558,31.88067471,35.25800386,GHA
,,,,,,,,,,,,,,,,,,,,,,,,,,,,GIB
31.0752358,30.33087892,24.87461354,26.51847392,22.75232735,21.11880776,19.19510114,19.56108748,21.28670436,21.63951826,24.52387304,28.57866275,26.47781058,25.95674335,24.62597518,34.78565309,23.82431116,23.55095814,21.64046458,22.51579108,30.34120398,32.60224123,33.1373916,26.47062065,26.68851014,21.49687039,29.21672239,44.36334281,GIN
59.90273626,29.43891965,30.59270667,28.19201565,21.23961801,23.77564904,21.7986716,22.93220255,25.30557465,24.39736108,25.79867432,21.82079813,27.15738458,31.09378645,20.59478287,19.90329078,21.03471234,18.03295746,14.47520018,15.74610753,14.66781488,16.85940447,19.84168223,19.18178348,19.81520647,16.26805616,16.43890352,22.49145686,GMB
9.935989367,9.982487202,4.902489849,8.86943639,16.45440776,11.66716961,10.52440406,21.01676321,14.44369762,24.86117665,21.75585741,21.19459929,17.83312057,18.67981089,18.45989158,16.14973055,12.84866626,20.19103563,19.8506086,18.84933774,14.90607945,25.6740075,15.47521335,18.2571916,20.20740014,27.54304392,26.5081143,27.77397262,GNB
,,,,,,,,,,,,,,,87.41738313,82.32565045,88.62129397,89.22435018,74.34220994,85.7584332,75.09531266,71.90499182,67.65331666,65.9632886,56.65847382,51.41282994,58.86310521,GNQ
14.77858897,14.19963936,14.87883934,14.04776736,14.44560915,14.42528349,14.28695727,16.22226524,16.29658338,19.25607885,23.71838091,22.78874432,20.11285445,18.54458304,20.70811457,21.31223043,21.17400879,22.52026976,23.36156912,18.9821867,22.10220512,25.53541593,28.68399402,30.35342851,32.37304071,31.55327071,30.06374593,32.99039638,GRC
33.47465181,32.43411121,32.10166494,35.64286081,38.99171328,36.18057947,35.86696517,35.42684179,37.16465202,45.2350204,45.32832597,37.87785832,31.94714519,30.37732045,33.00463854,21.40891839,23.22975907,27.61966793,25.15821349,24.27631667,23.83386019,25.19494418,25.81516974,25.42618938,52.5037027,51.23112064,49.31544723,51.36520309,GRD
,,,,,,,,,,,,,37.79580469,39.28672827,41.06065933,37.80311573,36.20226499,36.97912988,30.73111747,34.05597386,37.99793229,37.51199021,37.70085215,38.47282302,37.57984513,40.76504771,40.90098103,GRL
21.02752094,17.95260596,18.06598943,17.70303111,17.51994495,19.25904403,17.8101173,17.95610802,18.17160662,19.00492413,20.1950344,28.2074544,26.29894539,25.77366964,26.9754989,25.05468443,24.93172935,25.56526394,24.7182537,23.97540431,25.80575004,26.62542513,24.86869389,21.99815545,21.74436297,19.82990769,18.7530891,18.50583726,GTM
,,,,,,,,,,,,21.32939439,17.7247191,21.93414571,22.77817489,23.8784714,22.97142857,21.05604847,17.52771387,17.28294178,18.83116883,19.31140604,19.73388306,19.10436981,18.35376532,19.37877481,19.29584686,GUM
62.70667077,102.3145291,125.7484534,114.3225925,104.9519747,101.2105684,102.6213093,99.66006553,95.93275489,96.50847171,96.07997321,92.87428334,92.30318542,89.67669196,95.56267318,84.62286857,50.37172732,51.23597572,52.94904243,48.93281986,38.73539133,43.46533372,49.46664067,46.03306755,37.93407693,36.00806391,41.11364173,40.42887693,GUY
20.27254072,20.16122859,20.20847906,20.23859506,21.09483266,22.26412549,22.54696292,23.64247744,23.64578541,23.66468345,25.80573166,25.32560298,24.80870848,24.85789925,26.28610265,27.34552407,28.8246455,29.57387479,30.62326554,26.9002871,29.56155696,31.54302525,31.92902534,32.00502527,32.02854155,31.26840834,30.46430977,31.48177033,HIC
117.2690803,119.3323526,122.666485,120.3576761,119.2925944,126.2086173,121.6845125,115.0414796,110.8347081,112.7185745,126.0314572,122.7696947,132.0767632,150.77598,167.7758972,177.4529167,185.185163,186.4124074,193.4151768,178.1350554,205.3225974,212.8524165,215.8495655,221.6100603,213.0904135,195.8976016,187.0171432,188.918524,HKG
31.71605452,33.84899143,33.40840295,36.77512794,44.51349969,48.43512765,54.75940466,57.00264753,57.7965578,52.92894346,53.972183,51.38170023,52.73058205,54.0940275,58.42298345,59.00584172,56.05464205,53.50901154,51.32527669,39.53025082,45.7589062,51.25768668,50.90279882,47.94149032,47.56265473,45.16675746,42.71410478,43.57936927,HND
18.04385518,16.95460932,17.24718249,17.22548432,22.00915193,23.31352269,23.52199104,23.06453277,22.78778599,21.88335095,24.41876966,23.99456699,24.89272832,25.15963902,27.86081803,28.5991021,28.51026449,29.38784236,29.63022343,25.77995095,28.43763512,29.19470569,28.34007805,26.14392346,25.88160845,23.20336018,22.3033502,24.2381818,HPC
,,,,,27.57523814,30.68779784,31.27585738,29.44574031,30.43979882,35.24873029,37.23688157,36.21005756,35.88765678,36.89863861,36.72870026,37.91573978,37.82726284,36.40128628,32.66398808,36.17497506,38.86439686,39.52509614,40.43458964,43.30044697,46.37970421,47.63319086,50.02892808,HRV
11.9101836,10.31144548,7.571511403,10.84535014,6.420726556,9.133563861,11.32763093,10.45254231,9.900471451,12.24911196,12.69528229,12.36172695,12.12723869,15.82023748,15.35398577,14.03993216,14.48883523,13.23974376,12.73115448,15.71001941,15.34208397,17.44999241,16.90629906,18.18532117,18.51919477,20.00736467,20.72184401,18.83545203,HTI
,28.76801053,27.61467942,23.19175505,25.40072263,39.18848046,41.88278935,47.90541917,52.93018609,55.64365546,66.85788978,64.87732081,58.13697358,56.33315809,59.6543881,62.64257604,73.86891402,77.94228004,79.2756977,74.39962047,81.75041325,86.5856413,86.32207926,85.58445077,87.4179243,87.97938917,87.15173911,87.14309621,HUN
17.23536367,17.01991687,22.13935981,20.19556309,20.62859174,21.07548494,21.02738179,22.18924848,23.05989116,24.14978929,26.66745509,25.55294693,26.85775093,28.68554474,31.02764468,32.38019895,32.94446794,32.08436975,31.71894328,26.4431831,28.18358634,28.86944675,28.17975525,27.44257362,26.66423477,25.66280999,24.81016351,25.54371416,IBD
17.26866077,17.10631366,21.97530711,20.12375745,20.5661368,21.15679573,21.08089891,22.25088908,22.92715084,23.9785288,26.51276376,25.38303195,26.56801428,28.33763023,30.54178213,31.83192163,32.46145457,31.57152898,31.27679476,26.10086252,27.92404938,28.63891278,27.95987872,27.06938078,26.33144603,25.20956139,24.3504384,25.13073717,IBT
17.85643532,18.61782764,19.09066283,18.8810135,19.52255353,22.56247659,22.00608984,23.28063784,20.70963213,21.11750407,24.04369139,22.6709707,21.96984061,22.81616319,22.83105442,23.0625494,24.74730821,23.39737112,23.93776574,20.49119169,23.6709691,24.96960594,24.45481624,21.12231536,21.02824572,18.11300632,17.08272355,18.56689959,IDA
20.0591577,22.26889147,22.36467624,21.03013381,18.58362237,23.5510089,22.66460752,24.96659661,20.18465764,20.8137145,26.85242782,24.27965217,22.41627344,24.77086357,22.28927628,21.84620101,25.04741158,21.35984322,23.13675134,18.73632729,22.14165125,25.10634102,24.0744374,18.15003096,17.55817021,13.1708938,11.67404747,13.84325471,IDB
27.30575898,28.35126107,30.30746351,26.75481342,26.51142785,26.31216501,25.82455198,27.85924328,52.96813457,35.51412908,40.97730847,39.0321391,32.68762089,30.47765478,32.21669462,34.06726763,31.03471631,29.43571849,29.80828417,24.15911967,24.29903094,26.32735309,24.59437879,23.92357638,23.6659846,21.16017926,19.08899385,20.17730444,IDN
15.58123161,14.92298199,15.78912907,16.78122534,20.37769351,21.65978429,21.40475508,21.62869649,21.22401427,21.41516411,21.52079045,21.22599924,21.57316219,21.07931183,23.31245204,24.12620109,24.4857098,25.16684487,24.68918278,22.09724827,25.07060486,24.85112375,24.78536598,23.6977275,24.03498175,22.39959272,21.85960472,22.78175819,IDX
,,,,,,,,,,,,,,,,,,,,,,,,,,,,IMN
7.053350234,8.494240771,8.842926925,9.834217455,9.888084916,10.84396803,10.38516927,10.69071732,11.01846918,11.45206461,12.99723631,12.55837963,14.26438392,14.94791386,17.85912496,19.60524669,21.26794142,20.79969975,24.09735726,20.40051937,22.40093325,24.54040489,24.53443066,25.4308613,22.96796301,19.81318913,19.15823493,18.78268517,IND
,,,,,,,,,,,,,,,,,,,,,,,,,,,,INX
54.64080009,55.51536877,58.33562004,63.29119154,67.87876231,73.43206191,74.81834834,77.15320268,84.43393321,86.60770807,94.48951467,95.32629717,90.47499472,80.85204325,80.53562103,79.58366744,79.00157087,80.78241809,84.11497197,93.23670607,103.0192902,103.7910206,104.5096336,103.6641476,110.0254968,121.9650386,120.8153066,121.0425885,IRL
13.2787418,13.82432029,13.16459067,25.41011165,28.28619241,21.6762407,20.19513024,17.27793087,12.68338091,19.2920232,21.46705757,19.30332036,24.41390215,24.62747283,25.26692826,30.33081919,29.86903525,28.84361241,26.57712745,22.71148914,24.39965328,25.63295241,24.12886375,26.88185715,23.14086146,19.74338617,22.40402991,24.94217685,IRN
7.698318329,1.290410727,0.582407539,0.075548684,0.035565991,0.005376759,0.009161774,63.84700895,77.89898865,77.63488341,75.70377422,65.27339139,70.57005152,77.39271888,56.27090853,54.34787058,51.03194341,45.89983908,50.32830741,39.40011026,39.41682921,44.41752304,44.44872923,39.67819747,41.33845029,35.34015444,32.10203801,37.95732001,IRQ
33.09665319,30.7909646,29.80537236,32.2387445,35.18359094,34.94649747,35.74067826,35.48117423,33.8062119,32.49335622,32.20449751,37.05619944,35.53199069,32.66199532,32.38340257,30.40213537,30.81920556,33.02169323,40.63018166,48.64495329,51.98428538,54.76125856,55.01726319,53.49303812,51.5210396,51.80474608,47.6373272,46.10665956,ISL
29.69543996,25.47998987,26.01534094,27.73816847,27.74384545,27.46579002,27.05129654,27.89262451,28.58589655,32.64249965,35.5686038,31.30098876,32.88551977,34.63118968,39.11893062,40.7731388,40.78175671,40.45853975,38.46629382,33.1880375,34.72323887,35.32579076,35.95190368,33.67121403,32.16173875,31.20755382,29.69432969,28.68432157,ISR
18.25943754,17.03600937,17.47918991,20.39909603,21.87108841,24.67248952,23.70468222,24.14979055,24.06295229,23.20074169,25.6277321,25.64901167,24.40746734,23.30219291,24.00982842,24.60109238,26.17348843,27.36104225,26.86277469,22.39916173,25.07404985,26.87246347,28.37924284,28.63324308,29.10882819,29.71598237,29.32789075,30.73373332,ITA
48.0631754,50.20733866,62.27454403,44.084231,55.55949735,51.27580598,45.24991073,40.58924206,38.43298918,39.03660709,38.7900457,35.56415707,32.76195131,36.61346899,37.54402476,35.27323512,40.13152526,39.72869092,41.94330709,34.47959621,31.33526663,30.3686139,30.18371146,30.57934234,31.25780771,29.92427986,31.81618379,34.66326346,JAM
59.8371326,57.39012847,49.66176298,49.80353734,47.35909797,51.00348264,52.15093491,48.61376389,44.22384575,42.76068761,41.24970613,41.55166723,46.76554521,46.71657917,51.46913631,51.97700911,53.12954675,53.48444745,55.72458979,45.79418217,47.58873677,46.99595929,45.60721397,41.76620748,42.73394594,37.06843731,34.65657479,35.12049641,JOR
10.21975999,9.786072312,9.692079156,9.077855241,9.003650174,8.971796831,9.479069217,10.54885166,10.52448023,9.951760005,10.62448501,10.22909915,11.01822103,11.63929347,12.97203231,14.01244112,15.8729023,17.49331657,17.42403772,12.52091416,15.03675698,14.92499621,14.54475256,15.91539812,17.54030155,17.61097554,16.26639569,17.75185227,JPN
,,74.00497098,37.89539511,37.06473771,38.97386091,35.26880493,34.91685667,30.34420329,42.46209551,56.6024268,45.89501861,46.99064076,48.41702209,52.50041043,53.19435825,50.97529784,49.31282089,57.14638494,41.83842245,44.2441795,46.46466279,44.10966304,38.61703772,39.34175809,28.51670801,31.84388864,32.39775661,KAZ
25.69260596,27.04163232,26.26037419,38.90363017,37.04028084,32.59170122,25.20060195,22.68638735,20.16926083,20.8327352,21.58757114,22.93157636,24.89797261,24.08681531,26.61025858,28.50903021,22.98493964,21.91899129,22.67405755,20.03262925,20.65698325,21.62597244,22.22735357,19.92539657,18.29698138,16.5735082,14.32720186,13.231964,KEN
29.20560748,35.35135135,35.58613247,33.53129027,33.76181443,29.46714483,30.738099,38.28688933,36.48329208,42.2029378,41.84786184,36.72457315,39.58135412,38.68112372,42.55591108,38.30555644,41.7206136,52.91297886,53.5489561,54.69834696,51.55432268,54.53847717,44.40420097,42.25015396,37.44865159,35.18960049,35.82540888,34.25284136,KGZ
,,,16.05707363,25.79195939,31.18418153,25.36400674,33.61693558,31.23814579,40.54418618,49.52278105,52.54124718,55.42213314,56.52047035,63.60589501,64.08470726,68.59324512,65.32596805,65.5432507,49.2207635,54.08278279,54.08075591,57.88976453,62.3879358,62.60347417,61.71842376,61.28152493,60.68195781,KHM
20.23098039,21.92213115,20.99076923,20.67478261,19.41506667,20.15684211,13.44,19.57714286,16.95269231,18.77383178,11.83586207,15.67598361,19.41418432,17.62219818,12.18222584,14.33852222,10.92955899,16.72437498,14.7099928,14.96445588,12.25771579,14.20105243,13.89050654,11.94997418,13.41071312,15.62462957,19.23939505,15.71710359,KIR
37.92027955,43.96625313,46.58397444,43.75839725,40.9774713,37.80341116,38.21530309,37.47090723,37.86664113,35.9482899,34.63251072,32.19388617,30.85665656,33.99774023,36.6460827,39.2324634,36.57715872,33.80610616,31.34028161,23.61081011,27.91456677,31.95852733,34.81680502,38.68340552,63.84483281,57.45189607,51.8278963,50.67373028,KNA
24.99434074,23.77657475,24.07238864,23.67247042,24.0708426,25.72425197,24.80197143,28.34551472,39.5366811,32.59082294,33.93916896,31.78774105,29.77275441,31.39783726,36.75433645,35.2830828,35.62641862,37.39217969,47.64188521,45.18535191,47.10373691,53.3377319,54.09405134,51.29207111,47.83142087,42.98956153,40.13265091,40.93420694,KOR
44.93894897,16.90203901,40.47026619,47.77118521,50.85365925,52.35460136,52.28494766,52.85281371,43.86264466,45.93389097,56.47217445,51.30841121,44.61604832,52.0915106,56.91711338,63.9760609,65.54573372,63.4150384,66.75954952,59.43363435,66.67331737,73.19837828,74.7316937,70.86153454,68.50614347,53.76624808,47.63172463,51.19569522,KWT
15.57196467,14.04942449,14.2881647,13.34121946,13.62686872,15.15755025,16.06812089,15.35746067,14.73469901,16.23233099,17.32981125,16.96214339,19.87755254,21.08794305,22.83092164,23.02257437,21.8945951,21.00114143,21.08301105,18.02658679,19.59561964,20.64086849,20.41980508,19.67231175,18.67252231,19.57293251,20.0835468,20.26139066,LAC
11.32876329,12.95372648,17.02575543,21.46161926,24.98694072,23.22038891,22.69874962,23.89222479,36.45587275,35.87584152,30.6620036,27.87315887,28.75251466,23.50043316,24.91212256,28.96373572,38.15507752,33.61431308,33.15408047,30.08306968,35.38402604,40.3431561,37.87672835,38.1731034,40.75454665,33.95225731,33.20942746,,LAO
17.99278605,12.52883571,10.85070516,9.174398857,7.870608735,10.80645488,12.84632,14.53195876,13.76343264,14.06398963,14.17755573,15.604916,16.09864228,16.73658134,35.05490455,36.62353871,35.58965751,37.141517,38.54565444,33.1957017,35.02312287,36.36309723,28.79665694,26.63014954,23.73678187,23.13501703,21.70162572,21.88032454,LBN
,,,,,,,,,,31.37640732,33.97312362,42.35727077,36.05768717,67.62166109,59.09090622,82.44623771,74.96314639,34.3924971,15.26468326,19.13900901,21.80729775,32.91270489,34.57949136,28.43219148,19.46902738,21.41663407,24.28419199,LBR
39.67623702,33.83142189,30.58903679,28.24474925,27.03521621,29.17602996,28.65353038,26.78634532,19.36901585,20.22054417,31.55800429,26.54069767,44.76779948,57.31707317,63.75596089,63.71684315,73.55965539,72.69901227,72.5073857,59.23600739,65.6049745,54.82944514,74.62245886,70.43373349,47.01432665,39.96666073,26.13844503,49.94236451,LBY
,,,,,,,,,,,,,,,,,,,,,,,,,,,,LCA
17.26493662,15.8536365,15.92946718,14.81435132,15.17317078,16.68904379,17.42371762,16.74083444,16.13100257,17.63273182,18.79257132,18.58289132,21.40367354,22.81307247,24.62301641,24.88790758,24.02630218,23.25589084,23.39046486,20.05183662,21.5686547,22.68215529,21.99160336,21.18072704,20.23602013,21.01606733,21.40918828,21.57420506,LCN
,,,,,,,,,,25.83854406,23.90655652,21.28769488,21.0919199,23.20180821,25.2325023,25.87050076,27.52667308,29.17058293,24.50287778,27.80186707,26.47459403,25.8330843,25.2288457,24.78593932,21.60707365,20.95458183,21.72749244,LDC
,,,,18.16338716,19.33617364,19.53372758,19.07126055,18.70464003,19.18810026,21.41988358,20.4967529,21.70642611,22.06494305,25.71473266,26.29289101,26.37476048,27.81028574,,,,22.77793753,19.882093,18.11301354,19.33800953,17.42839953,16.54029191,18.72519364,LIC
,,,,,,,,,,,,,,,,,,,,,,,,,,,,LIE
30.18080451,28.7410869,31.77037408,33.80100688,33.8128838,35.59762913,34.97333778,36.53811808,36.24381868,35.48370472,39.01570089,37.33118848,34.9133302,34.65350283,35.33090273,32.33687299,30.12852709,29.11499969,24.8414871,21.32836624,19.55232026,20.89683873,19.81648178,20.3203983,21.08876229,21.01310319,21.17398379,21.83146528,LKA
15.87792968,17.37658212,17.47515269,17.69854782,18.30042898,20.5486242,20.63603365,21.7423997,20.32266312,21.49960747,25.56685974,24.06986559,23.9767276,25.04728085,26.89822213,27.99991839,29.24990051,28.43303478,30.15309866,25.607004,28.08211341,29.56901044,28.99595132,27.95209848,26.80269544,24.09300103,23.19129184,24.27306837,LMC
17.05899041,16.8645028,21.74197516,19.92301083,20.33599739,20.8540368,20.79306578,21.9671945,22.68460222,23.78743538,26.36768265,25.1442542,26.32684692,28.03337498,30.26176929,31.62032242,32.14547196,31.18584849,30.91023549,25.56712967,27.34402042,27.9733804,27.24915395,26.27939783,25.45120449,24.23576233,23.27563424,24.02524733,LMY
,,,,,,,,,,,,,,,,,52.18955349,53.17043528,43.94768547,41.48084024,46.94164281,40.99377686,37.39103728,37.25309471,42.66421405,44.70187211,45.5317481,LSO
18.2048125,17.95919177,26.33673509,23.26494273,23.32141273,23.2264967,22.54964143,23.67844655,24.52677111,26.77233525,29.15662321,28.64659044,29.60088618,32.21536555,35.0907616,36.63736573,37.6457235,36.82413524,35.9614094,30.42848304,32.65063563,33.27842643,32.7258433,32.03194276,31.62025904,30.82002426,29.54724381,30.001296,LTE
,,,,,37.14461565,41.94043332,44.9667461,39.12476419,32.41433371,38.54565654,44.0426404,47.34210919,46.16971807,47.34668127,53.84223732,55.62027108,50.35830795,57.13900598,51.9391993,64.121926,73.07570469,78.41087325,78.79123716,72.34270348,68.82163397,67.57942813,73.60578661,LTU
97.80076099,97.69553609,96.70785705,96.96896753,100.18098,102.475306,106.524282,115.8470042,126.1785362,130.8296156,148.4849077,147.4394631,141.9646116,138.9002279,153.0357366,161.6764088,176.2468904,182.8880011,187.1118807,164.0695066,174.52309,177.9896562,186.4443074,190.6285823,212.6070994,221.1965864,213.0356929,217.6213606,LUX
,,,,,34.67399487,40.57313122,39.81949117,39.34842274,35.10172658,36.89913571,38.12681098,36.64341477,36.17021321,39.13025236,43.20894235,39.9923153,38.45523193,39.47359305,42.47134403,53.56995346,57.76960383,61.19887911,60.26061995,61.20219161,60.72006835,60.40155649,62.12635178,LVA
99.0323205,92.37381677,82.68503998,76.70117353,74.0927864,74.51518576,74.57746603,74.50792878,74.77507621,76.86034855,89.97552746,91.88201323,93.88875667,93.44479265,95.28615167,84.8594021,78.99406784,79.31022784,80.11206485,78.92014207,87.79032308,90.67359273,91.10575944,90.63795176,84.9363223,77.91299594,76.08714823,79.94245424,MAC
,,,,,,,,,,,,,,,,,,,,,,,,,,,,MAF
24.55932051,22.31876775,22.17215462,22.0607515,20.93850146,22.67322004,21.83597496,23.92411787,23.40380419,25.15436795,26.78743166,28.20916613,28.91761426,27.503777,28.10759913,30.91915923,32.7553598,34.57168008,35.74235068,28.00317442,32.23301862,34.70003427,34.9295479,32.77764352,34.63240888,34.80004049,35.35153455,37.21311213,MAR
,,,,,,,,,,,,,,,,,,,,,,,,,,,,MCO
,,,,,60.12602406,55.32825516,53.20011551,45.01953659,52.3183764,49.60011381,50.05504282,52.46389652,53.3131902,51.19391234,51.16358494,45.25633686,45.58047352,40.81874861,36.87212252,27.82961354,32.54045693,31.13285051,32.09261325,31.17069499,31.89545137,32.30911536,31.09876186,MDA
12.87027078,15.97244826,14.496154,13.80969254,20.01980217,20.98689761,17.02486156,16.14294254,16.41237559,18.34662007,19.11966845,20.07024942,21.81557441,13.69416282,19.45730646,24.31938611,27.48691378,27.79620714,27.70720057,20.3758291,21.87438119,22.71963584,21.78068615,23.27216114,28.28190762,28.39063871,29.09256628,30.90263172,MDG
85.45299645,76.9300862,78.02659338,67.1285872,77.7358717,,,,,,,,,,,,49.33400091,96.54770455,86.71027947,73.0056489,77.56179345,88.02790502,86.13308587,88.25140646,89.2313762,76.53394447,71.87612827,70.08191354,MDV
29.10690676,26.38696076,27.43955355,28.77978178,29.99941289,30.0974542,30.53872729,33.62659025,29.70883162,33.7030161,38.88555865,37.2813706,38.84834248,42.06854077,45.00563712,48.86771852,49.69629451,49.48217627,51.29952322,43.10984593,45.92396455,49.54568151,50.41049646,49.27086108,45.83086613,39.82275032,37.74110517,40.81935352,MEA
18.70447105,16.43339003,15.25674444,12.28129765,13.38285838,24.14919339,26.00501497,24.33293034,24.59443277,24.63265005,25.40671694,22.66672117,22.55248987,24.36044069,28.41438695,30.37779258,27.32516189,27.52723589,27.70149583,27.15499933,29.69766477,31.03670714,32.26556776,31.30565295,31.89254452,34.56333087,37.06297093,37.68984096,MEX
,,,,,22.3185561,23.30034819,25.66329075,24.70907397,22.11634593,28.69633065,25.3630398,27.37649368,30.15293173,31.30500484,32.68008949,25.68202862,26.43877295,28.80900482,28.5051452,37.45624048,50.69668753,54.95688854,51.24124036,49.90976747,44.62349864,36.54661186,39.17470324,MHL
17.07613501,16.90136285,21.83104786,19.98697394,20.36511687,20.87432799,20.80990093,22.00582986,22.73769986,23.84879623,26.43345197,25.20603177,26.38824186,28.11268194,30.32218912,31.69112329,32.22213894,31.23068903,30.95020546,25.61254767,27.38797195,28.04280009,27.34687928,26.38772402,25.53229534,24.32772007,23.36267248,24.09376135,MIC
24.56785714,21.77572314,51.66390456,44.44503077,36.31168831,31.38393032,21.30484393,23.4909339,23.26672869,23.04185952,32.94684009,29.19890805,26.30084964,27.65636747,30.70416616,34.80760066,37.7914825,44.11661379,43.22446914,32.80554336,39.78975339,47.12421314,45.374253,43.39647453,47.66285529,48.73799991,50.66384216,55.14571934,MKD
15.65359181,16.21126857,15.62910335,15.85350477,19.44277535,19.56106766,18.87147761,23.82655929,21.25395252,20.25098892,22.47859046,26.31243707,28.08745381,25.76934039,23.67718471,22.98886934,28.4289451,24.15211115,25.14419,21.71331369,22.83717018,22.72617792,27.85634001,24.94054027,22.55472374,24.04358438,23.45284809,22.19967673,MLI
75.83362624,77.37196474,81.75957786,84.81218399,85.96184262,122.2728879,114.104617,110.6228426,110.3365723,112.3569138,126.7762216,115.5786941,117.1938104,108.5310905,103.7789305,104.2252667,123.4548189,129.5371255,148.4768385,147.73564,153.2555497,160.4064909,165.3262247,156.9913808,148.8665128,154.2450153,152.0114236,149.7210228,MLT
,,,,,,,,,,0.538837892,0.470599713,0.285754172,0.207565072,0.186736794,0.17845543,0.157094763,0.138180683,0.116556167,0.102712751,19.58865187,0.099464913,11.49836108,19.63509832,20.09040216,22.97516723,25.94272972,28.35971336,MMR
20.24645524,20.55628068,19.56092127,22.86695179,23.54492287,22.03517668,21.61201045,27.17745147,24.93245638,27.94604335,31.40612467,28.99256374,32.60822403,34.69463606,35.32288699,38.47946203,38.82414437,38.04804462,38.56786693,30.8114356,32.22975072,32.67803015,32.21522401,31.78353052,28.31428628,24.59889256,23.49860119,28.00967946,MNA
,,,,,,,,,,36.81499185,38.42345438,35.35611713,30.6112462,42.02204718,43.54912468,40.56154301,43.00301064,39.51974845,34.33086631,37.04440512,42.34884361,43.67248294,41.34236,40.1437048,42.11807213,40.60065571,41.0551905,MNE
18.27470168,54.06845984,28.93299325,59.33218994,44.63069351,40.54137213,35.52432564,52.66634508,47.84351451,50.15844062,53.99675147,50.31834099,50.72661598,52.35204953,60.78777492,58.76938379,59.44326508,59.61444843,54.01703592,50.27799933,46.67898258,52.55355505,43.5721512,38.89023748,52.24899869,45.64559477,50.20095542,59.79464133,MNG
,,,,,,,,,,,,91.04361371,90.23405973,100.661157,95.8529689,83.73737374,66.84434968,51.97018104,39.24528302,41.92740926,43.24693042,50.59920107,52.94117647,53.37278107,54.13533835,72.24,69.51905059,MNP
,7.970905876,9.062516062,8.100744444,10.42471616,11.32836516,10.99738613,10.05764557,9.358666664,9.027443459,11.42973012,18.69123492,21.53935474,22.56347168,25.67872235,27.01568599,27.07153277,27.32779042,26.44687726,27.1009153,28.45834289,30.09825026,28.8839773,26.74393599,31.28403958,31.07817138,33.54531717,38.57905103,MOZ
36.17996812,27.54063192,22.37196354,25.3609346,34.69962831,41.48646321,39.16341347,33.39205407,24.45916856,22.56918604,25.51711571,25.53699508,24.7736084,19.12477218,23.26925757,26.75324705,42.36410333,40.5231618,41.60285048,37.2457483,45.73934811,50.1828097,48.26135521,45.54859921,37.38920072,33.82163668,31.92978159,39.0969244,MRT
64.95689655,62.30528898,59.30459751,58.24253937,56.72276003,58.65758769,63.58556981,61.46210553,65.68373842,63.80266457,61.09421485,67.98701949,61.60835003,56.0072568,53.32313145,59.02447636,58.44393593,55.86749787,51.07052144,47.67716859,51.23767279,52.44414738,53.79216527,48.41741475,48.84610087,47.86224698,44.25034214,42.45178816,MUS
23.78207431,23.27158384,23.20622472,16.13030243,29.63282169,30.36848138,22.82575285,21.35650935,32.7701621,28.02228054,25.60365248,27.99122637,15.86063717,20.17045655,18.84824932,18.12115551,17.63383504,23.31144531,22.65675869,20.02865348,22.7870608,20.77716728,26.20340149,35.65977381,33.70156796,29.15651988,32.96691831,29.16284408,MWI
74.4661197,77.82555283,75.98386005,78.92028758,89.15077688,94.08917037,91.57615121,93.289448,115.7437254,121.3113937,119.8097087,110.4024914,108.3053028,106.9434461,115.3733377,112.8989768,112.1854808,106.1682749,99.49957724,91.41679187,86.93029507,85.25544211,79.29991393,75.62904103,73.79349863,69.44868094,66.77541294,70.04552188,MYS
10.69863662,11.00225899,11.21348714,11.33416231,11.97964389,12.96016836,13.14919898,13.58276711,13.20632741,13.18511075,13.7478606,12.63297547,11.95187494,11.57993969,12.16602413,12.45895767,12.91470749,13.56394949,14.48215269,12.56434577,13.86504722,15.10733038,15.06945341,15.08211502,15.18756174,14.2031172,13.65204569,13.84780199,NAC
43.6258335,44.05937108,43.07524362,47.07790102,44.46766858,45.09705465,45.9095014,43.18970278,41.87344431,41.96832653,41.67385161,42.01112432,47.20505476,44.46262994,40.58866817,41.24434172,46.30216977,50.48233743,54.35426711,52.34676072,47.7572842,45.52615623,43.41161376,37.55660006,39.25414728,35.55666048,35.17382502,34.02558823,NAM
18.48762379,16.90891998,13.71048336,13.11114971,13.59617687,15.56380927,15.34627819,16.4920122,11.99030623,13.08238566,,,,,,,,,,,,,,,,,,,NCL
14.96645887,11.9332403,11.69544135,10.82727421,13.07895576,14.46881544,15.22340751,13.49717075,14.06751729,12.73593467,14.32641429,13.46404108,11.92024011,13.26902517,14.30265539,14.43413057,13.89698616,13.13353112,13.26846017,15.06826892,16.31972429,15.41305421,16.21458219,17.092949,16.02014244,13.65039753,11.96005048,12.79931337,NER
20.97477285,24.24686728,23.9747503,20.06653995,13.54924651,24.15581596,23.02469951,28.64975397,18.1440897,21.33433128,36.02326561,28.25095823,23.2397194,26.75138108,20.25380338,21.03395529,29.51613188,21.23633657,25.67007222,18.63034142,25.6606113,31.61694021,31.54658773,18.04990659,18.43512606,10.66630962,9.218109698,13.1715621,NGA
24.94835926,21.82198402,17.25122713,20.42792688,13.13987687,16.09508625,16.84735811,19.41954518,19.33444051,18.53027952,20.10816589,19.04191088,18.84713588,20.70499891,23.05985574,24.38213089,31.26693482,33.06389193,34.47041956,33.98166964,40.46660572,45.01713196,47.46948503,45.21415682,45.0081711,40.08346107,38.88208068,41.33870812,NIC
54.4147456,55.10901405,53.37606993,52.61208244,54.7356509,57.22097303,57.38846572,60.35995513,59.34034162,59.90502051,66.0332694,63.2984077,60.14842249,59.28414032,62.67424417,65.63208522,68.18111834,68.77545747,69.79363348,62.23701352,69.80367248,75.50306831,79.50337384,79.88047779,80.57790815,82.65889671,79.53516476,83.39176802,NLD
39.41949164,39.20302448,37.13658831,37.15817162,37.33726538,37.18262596,39.94237071,40.55723974,36.90810865,38.60466513,45.73235418,44.96230277,40.37312639,39.63016952,41.09090195,43.40254484,44.64456122,43.29847207,45.91671174,39.2356786,39.7598437,41.27396486,40.68243719,39.1971735,38.99635572,37.80181591,35.45992638,36.33299569,NOR
10.52730912,11.49075129,15.95972613,18.43296411,18.99393793,24.97315898,22.81757514,26.32783507,22.82205122,22.84847209,23.28400371,22.56077372,17.73712952,15.69986449,16.68269526,14.58368679,13.44659096,12.85566488,12.77582026,12.41935419,9.582536172,8.904030421,10.07389298,10.68903388,11.50507746,11.62193974,9.468399399,8.988334926,NPL
,,,,,,,,,,,,,,,,,,90.47619048,83.33333333,51.85185185,61.19402985,71.27659574,89.58333333,79.8245614,52.7325024,52.36363636,35.78802478,NRU
26.76185847,29.16134637,31.19167677,30.60242388,30.7781457,29.39336631,28.34887884,28.32037399,29.61732163,30.95055154,35.74545849,35.43103984,32.8470717,29.8397254,29.54341061,28.28516543,29.5900344,29.24507097,32.0404784,28.73760822,30.2526501,30.35555222,28.8526248,28.82274331,28.01881106,27.91531098,26.54074885,27.48318944,NZL
17.98216481,17.98087166,17.94881478,17.96722729,18.88467485,20.07457224,20.43918917,21.603822,21.75332749,21.58294055,23.4021947,22.93864188,22.29971155,21.99940481,23.18992107,24.03405786,25.31317909,26.0749094,26.93201615,23.78578975,26.04843689,27.8182397,28.26344246,28.32107446,28.53196131,28.26660438,27.7218743,28.70963557,OED
47.23007412,43.06549257,44.71689049,43.05104505,43.00122803,44.03534887,49.81019015,50.03694885,41.9695906,48.68760338,53.68903821,51.70269945,49.10328087,49.75836118,51.37791968,58.27964187,56.17247283,56.48320953,58.48040618,50.63610907,67.48575336,72.82668961,71.55756514,75.37814516,70.24786761,57.13709938,47.41535101,52.35820038,OMN
,,,,52.25146754,55.06887268,55.63724937,57.29386587,56.03634989,61.71126664,64.98054637,63.19594516,59.90360515,59.22419929,60.77771978,62.82626618,62.30941184,61.39506358,62.9312286,55.50585769,62.03059848,70.39338415,72.35027942,71.19736708,67.84323688,61.77977062,56.5946414,58.08884777,OSS
14.78871841,16.93239271,17.27072731,16.20209462,16.15838057,16.70996966,16.90310178,16.08195323,16.48479118,15.35349933,12.11954679,13.33629528,13.77600345,15.16738101,14.244732,14.31034575,14.13396282,13.21461341,12.38231088,12.39575242,13.51626785,13.96666966,12.39666276,13.27715343,12.24258363,10.60441138,9.145726939,8.257320296,PAK
57.49329457,64.35225616,66.35669502,64.05865863,66.04205563,66.84710086,71.28692343,76.98827139,67.65286252,56.85376764,62.01057776,62.13543892,57.63981211,54.34003298,57.76765137,64.50079291,66.17345563,71.45837148,78.08938262,69.81378103,70.04208517,78.23053549,75.19125791,65.16162281,55.35751129,47.68513469,41.97282917,41.78016362,PAN
15.69719146,12.20238667,12.51350577,12.4506751,12.77148277,12.59988525,13.31651992,14.47726026,13.70290185,15.39688801,16.76837372,16.60137952,17.27480785,19.01466695,22.91223375,26.84876111,30.53663645,31.52211653,29.72763021,26.44205274,27.82616415,30.50275976,27.44961437,24.80829942,22.60697038,21.28732529,22.60031374,24.71987197,PER
27.51622902,29.59725515,29.12976792,31.35961239,33.82569412,36.35728306,40.50665724,48.956482,44.7642271,45.48930694,43.34421922,41.15550151,40.00567994,42.30501837,41.82684099,41.23003922,41.24545937,38.01418634,33.35683324,30.2195256,32.87482972,29.10542888,27.46707386,26.17741981,27.35450419,27.20805724,26.67300334,29.55229085,PHL
,,,,,,,,,,43.86351177,44.63869754,46.04960172,40.97796658,41.48372725,45.52211539,48.35906044,47.1996909,50.31036579,46.7450113,50.29624172,56.69482702,60.72543631,59.34484512,61.24163572,58.35008761,51.87581466,50.02053633,PLW
40.62479683,42.2648103,47.84986976,52.64325985,53.53460753,61.03898655,59.40450793,49.15752302,54.04148983,63.11836388,66.17835925,65.32996739,60.91581056,69.41796632,72.1640496,,,,,,,,,,,,,,PNG
,,,,,22.96051734,22.09465194,23.35936527,25.98202515,24.12448183,27.22895405,27.22984711,28.75821751,33.39129715,34.26481842,34.60987437,37.86430364,38.56478491,37.85716563,37.18463986,40.0551305,42.56317238,44.44359206,46.31983318,47.56892172,49.49748451,52.19353861,54.33711798,POL
16.97392336,16.23931684,16.16814274,15.24848406,15.43213406,19.24367116,18.07380437,31.66463461,30.61331092,31.37711065,41.77769186,36.27631329,34.43264902,36.33144039,32.49245967,33.9872239,35.68208833,33.32227383,36.32882294,29.14902132,32.54730027,35.33131712,34.02181627,27.9107312,27.79742683,21.87941844,20.18712875,23.23037984,PRE
63.08146352,66.04199686,60.78815654,53.60071389,54.8053785,55.83303677,50.60427317,49.69552082,55.97137173,60.34093463,62.34129312,67.76749643,65.86148401,73.73675953,68.57397147,67.3819014,68.88329753,67.03309926,68.2978194,63.08680965,62.67166626,64.05272656,57.45248354,60.86666667,60.81869633,67.1987645,68.76027323,68.7230474,PRI
,,,,,,,,,,,,,,,,,,,,,,,,,,,,PRK
29.16917822,26.54755933,24.45867079,23.60014763,25.13356578,26.76973187,26.54846488,27.15414475,27.33162723,26.48197472,28.20462059,27.43732611,27.07336223,27.3671919,27.66705156,27.08416755,30.35740444,31.19418457,31.26107908,27.29374272,30.06930892,34.4548616,37.77801482,39.60650497,40.215968,40.61511545,40.21082364,42.7242664,PRT
52.22353052,50.84206857,49.8340112,59.92030752,60.82035735,61.77502737,52.74050158,48.46975287,54.6398352,42.79294001,43.33092603,40.64258896,47.47507654,47.1446576,45.68782467,47.59359211,46.29308518,43.37492916,39.85603337,36.23649774,40.42594344,39.20941817,36.87651691,37.17274366,34.81420928,33.00061877,35.38270187,36.37920569,PRY
,,,,14.54296064,17.12257829,16.01360863,17.29613277,18.05398496,17.59692826,20.51650593,15.38327047,13.43720119,12.98135081,13.7854569,14.96957656,14.99562127,19.3668495,17.45710647,15.59258138,15.34034174,17.19380052,16.58864833,16.60628407,17.08373966,18.44945948,17.73464326,18.5727785,PSE
,,,,,,,,,,,,,,,,,,,,,,,,,,,,PSS
19.28692297,19.25191129,19.20267995,19.28014357,20.10491076,21.17905112,21.4728811,22.58471525,22.70895356,22.62585604,24.60433579,23.98092254,23.39383505,23.2372372,24.50692945,25.42779388,26.81814074,27.53601833,28.55332971,24.96867136,27.43855842,29.30162839,29.67335916,29.76745884,29.87105293,29.3274752,28.58101031,29.58591428,PST
,1.3198918,1.423082336,2.45321043,3.66548544,2.932623428,4.202281519,4.354281816,4.088805242,5.016000036,4.896582905,,,,,,,,,,,,,,,,,,PYF
,,,,44.87575808,44.33866814,43.72574217,48.28080961,51.09563094,60.04078828,67.2833586,65.89285714,60.34277283,61.69758239,64.16822495,65.08504482,62.81773017,60.27737186,61.36235262,51.13487609,62.3196826,72.6197065,76.4724133,72.71779686,67.99807635,57.06152025,47.71385376,51.04242783,QAT
16.72689125,17.60061709,27.79141511,23.01630082,24.90135304,25.63004231,26.45749361,28.19714432,23.01548056,26.66181721,21.58888431,22.10596347,24.01302936,24.21273505,25.74393627,24.53522061,24.7712265,24.71082905,26.15534462,26.02361223,32.39866956,37.03158259,37.4089526,39.87312171,41.16417518,41.01801911,41.18558624,41.4700878,ROU
18.16206147,13.27136217,62.32246186,38.20459448,27.75837904,29.28901135,26.07298813,24.72984153,31.22120547,43.21996851,44.06044131,36.8934936,35.21259406,35.24998177,34.41789105,35.20306596,33.73047544,30.16406048,31.30956033,27.9381012,29.21556079,28.05536148,26.90732034,25.84533683,27.11109705,28.70338944,25.85448298,26.09088098,RUS
5.614609155,7.316604443,5.56840819,5.175245979,6.30258595,5.150791913,6.031370021,7.797339362,5.585063576,6.222003292,6.319784529,8.468307201,7.041193805,8.452597072,11.12330666,11.42609112,11.50097561,14.67218029,11.73321597,11.08425588,11.30600433,12.95692857,12.20038849,13.67906931,14.09652817,15.90755583,15.5617045,19.05113621,RWA
8.430364829,9.812335607,10.29501374,11.14066883,11.19293765,12.16249947,11.70464476,11.98997895,12.33361177,12.55558032,13.62439179,13.39933371,14.66160673,15.26675129,17.54491837,19.07709564,20.50305979,20.09454276,22.59712874,19.43915131,21.02529006,23.0678269,22.86566423,23.61407536,21.55237442,18.73010477,17.99454672,17.52078288,SAS
40.33479408,38.30838857,39.10679939,34.35283039,34.00095155,37.33786424,40.02284228,39.158628,29.63237545,34.66649385,43.40527066,39.63372226,40.9487917,45.85416578,50.98533108,57.05074299,59.83190824,59.93744014,62.11150203,47.08862065,49.56979004,56.04923973,54.2708405,51.9179576,46.87529151,33.32117124,31.14420939,34.85306047,SAU
4.021389103,3.335025827,5.246076309,4.230379007,4.690556222,4.969465621,6.160300289,5.343629903,6.70209367,7.779409462,15.98455706,11.39786147,13.97899931,14.82786272,17.75796291,19.1781581,19.07366275,21.88656041,24.09553566,15.96880633,17.13191034,14.32287012,9.219191688,8.840551866,8.149134476,8.182226163,9.828851762,9.691822255,SDN
25.41053581,23.09263558,22.34883017,20.26430447,31.75373917,30.8663417,26.98401579,27.31488948,27.69656396,28.05646822,27.92511633,28.72629255,28.54887099,26.62284815,27.13868,27.01740321,25.62624281,20.10021872,20.63514602,19.18345668,19.83132544,21.1858372,22.25665081,22.19574962,21.77829674,22.6771945,21.5608581,21.93008315,SEN
177.1925444,168.5461939,161.7259498,161.6505196,166.193359,181.1209409,175.6431124,169.2968861,166.7875705,176.7450129,188.3508903,182.8941807,184.0861181,202.5862064,213.9516954,225.1596677,228.0376171,212.7793937,228.9937709,190.844935,197.9989608,203.3277086,196.7196129,195.0777963,191.9535358,178.3846085,165.093992,170.7053754,SGP
30.05228758,33.54030125,33.90136146,38.63653714,36.75230437,36.2222976,34.4215122,38.66597186,36.18774791,35.68795542,24.08996477,16.5117519,20.06673501,26.40640641,30.93033196,34.07129336,36.13788738,41.64978476,44.30470027,39.3,49.33460872,58.10791168,59.70601247,52.93032183,50.76277578,45.07474355,,,SLB
34.6898949,31.24937598,31.59094322,24.28254806,29.51154637,18.58843638,17.4452346,13.19969466,14.0615622,13.8278916,18.13484356,7.839941647,8.549424894,13.9213495,16.47069256,17.57306433,16.86538448,15.60358163,13.51919175,13.49976875,16.79496682,16.26669339,32.90532706,28.62675705,30.76003938,19.36254453,24.91409326,26.05134736,SLE
18.49698742,17.2257734,16.13291556,19.37230314,19.92272297,21.55450126,21.1409879,26.02183653,24.3865859,24.39640145,26.82727023,25.00929206,25.51308946,25.92342076,25.90621048,25.26656447,25.93968417,25.5670332,26.74058717,23.95120449,26.94655247,28.98146322,28.57130833,29.72483706,29.55290641,29.48617302,28.4585374,29.02979279,SLV
,,,,,,,,,,,,,,,,,,,,,,,,,174.4936695,173.007136,168.7966323,SMR
9.786747186,,,,,,,,,,,,,,,,,,,,,,,,,,,,SOM
,,,,,5.165680722,11.21687088,13.52491845,18.72521187,10.74219044,8.783039375,20.68742176,20.09420281,23.14600944,25.13660683,27.96497848,29.44194008,27.28982477,28.44314007,26.34777847,32.2556061,33.00182218,35.84480698,39.85150588,42.07752997,45.27361076,48.6154593,50.54078791,SRB
21.83263509,21.38914412,21.23098188,21.20270996,21.3662004,24.36816187,24.46263176,25.53849915,22.89310607,23.51392654,33.61373949,31.16043427,29.79675918,28.78025827,28.13993261,29.81361663,32.1030262,31.63226046,34.66528782,28.19062278,31.20327096,33.07716588,31.85739702,27.89041133,27.60218356,23.51224743,22.77113234,24.07677864,SSA
,,,,,,,,,,,,,,,,,,66.02706011,60.31431413,61.43448282,66.07612038,42.83205236,9.740757859,38.39161729,36.65134928,,,SSD
22.28499226,21.81161205,21.62103731,21.58167754,21.71305588,24.70153056,24.86072965,25.89622711,23.32262092,23.92055318,33.9055974,31.54858801,30.13428463,29.08536669,28.4138188,30.12559276,32.39162031,31.90647478,34.87161669,28.43616234,31.43935494,33.30039787,32.10774425,28.12451094,27.84061086,23.77600183,23.01195209,24.29515253,SSF
,,,,52.48876264,54.70235337,54.94611701,55.94601277,54.5723903,59.68740513,62.64085644,60.70256356,57.63230625,57.2141313,58.73313703,60.48317946,59.92103991,59.18754463,60.68048724,53.39861121,59.17063269,66.81538673,68.61278298,67.71966534,64.71048197,59.15417952,54.60578159,56.06366419,SST
,,,,,,,,,,,,,,,,,,,,,,,,,,,,STP
,,,,,,,,,,,,,,,,52.74771024,54.12479841,56.90864096,44.1248355,52.54731927,,,,,,,,SUR
23.81348944,41.58058811,63.23921753,52.45409975,55.32432817,53.92631176,49.29275617,53.60898141,45.51692149,46.34770647,53.20546841,57.11818541,56.97049518,62.33434889,69.04632475,72.30189346,81.23985332,83.38086142,80.14799535,68.03611809,77.31697507,85.01498581,91.03587726,93.6153562,91.51831566,92.02289274,93.72748918,95.17070123,SVK
81.03645207,74.58575692,56.37842836,52.45803488,53.54928252,45.43768277,46.13090339,47.56180684,47.49614606,44.10613897,50.13517602,51.74663331,52.32118898,51.00359394,55.0547877,59.81127016,64.87021531,67.89907007,66.31325414,57.26428864,64.27482244,70.24714459,72.89158921,74.21647441,76.15174267,77.14867757,77.97150786,82.96492266,SVN
27.92217781,26.09472228,25.95759514,30.41023806,33.5983065,37.12403102,36.02886681,39.1319851,40.02099489,40.11143328,43.25845846,42.92074508,41.24709045,40.32570497,42.69064241,45.01548062,47.487433,47.61026035,49.08692292,43.4539788,44.67885295,45.27119119,45.02752542,42.52680913,43.26616125,43.76676752,42.69147827,43.73472193,SWE
59.02125235,59.25919267,57.3491644,57.28557689,63.67867845,60.01571601,59.35483187,61.35076621,67.17377489,64.99990483,71.2690588,73.97273109,81.03779985,83.77254179,71.54074129,56.78393524,55.83963053,61.07406837,52.95107929,49.58773038,46.47294887,34.82774758,36.69207604,40.53346011,43.86099779,42.95703846,43.77500115,43.07533549,SWZ
,,,,,,,,,,,,,,,,,,,,,109.9486751,113.2940443,121.3489896,118.3291968,114.4481115,109.0307452,92.00418802,SXM
15.32738549,13.04328064,11.05983252,10.79255579,10.39582825,10.47493905,27.73470122,20.11697766,20.10639428,23.28888622,75.47320183,83.79143461,77.86640069,88.88355942,74.01002751,78.30134191,84.36733695,90.62556021,101.3925855,107.9943545,93.79878086,95.76909594,99.32936015,90.81130469,88.01235891,81.09125813,80.7317764,88.63552424,SYC
28.3391968,24.40525863,26.25649167,27.86528259,33.06197775,31.03971277,31.82597846,32.42074061,30.52917098,32.31676051,35.38948308,35.37819967,38.07200765,33.47052542,40.05438515,40.38785532,39.50456752,38.64344514,,,,,,,,,,,SYR
,,,,,,,,,,,,,,,,,,,,,,,,,,,,TCA
13.48020825,11.95163306,11.09074639,13.32344611,16.105602,21.92901755,17.54350925,18.54383608,18.49162606,18.31812077,16.89009643,14.66578754,12.6899406,24.63296691,51.00885806,47.97727419,47.58444122,44.50349386,42.69450541,35.13835288,36.8456059,38.87725693,38.46805422,33.56559167,34.16136289,30.00176089,26.29503676,33.87296248,TCD
18.43736388,19.42316699,20.52735648,21.15214753,23.13631644,23.03682379,23.04073807,25.23448116,27.44304874,26.08180605,28.78261175,27.74004176,28.81545299,32.1305865,35.96692651,38.3089421,39.84661374,38.98320122,36.52528948,29.10857052,31.35195153,31.01526932,29.7942107,28.9189945,28.13592351,26.12190971,24.51762941,25.01641343,TEA
18.79916703,16.35040601,46.12642598,31.59543438,28.35019134,27.7005237,26.54018918,26.84540868,28.31778907,33.74743738,35.87631926,33.74652329,32.79346616,33.31970806,33.9526596,33.5847695,33.50539811,32.02458678,33.18400348,30.2622375,31.57990361,33.05287986,32.95583821,31.90729242,33.11632259,33.70070567,32.81969282,34.15711543,TEC
33.47388988,33.44277751,26.9345382,24.38386236,30.54855885,32.43691281,33.28203792,28.97501226,29.68634233,28.87468935,28.21746529,28.95672421,30.27275438,32.80289298,33.28827468,35.55806609,35.3707038,34.20578524,34.30799536,35.55195776,37.83837141,43.63564728,45.205361,46.47602396,39.71627313,35.84635669,35.17690237,33.11494611,TGO
34.13192824,35.96430952,36.97247567,36.81728956,38.24211391,41.53234507,39.0184202,48.23705871,57.93730284,56.43854286,64.84025074,63.25068976,60.6457526,61.52255163,65.97185734,68.4027169,68.67534203,68.87227517,71.41641811,64.43861249,66.48617316,70.85490938,68.95123563,67.17114107,68.39415067,67.63677393,67.06050569,66.68192937,THA
,,,28.55486097,38.06138614,65.58309456,76.60580415,87.41798533,48.8637472,66.09665428,86.75211283,68.14104064,62.80923177,63.93077666,58.74531805,54.24194488,58.1562259,45.85923589,34.01479641,24.47099886,14.93902562,16.44768565,17.27727988,11.08814366,9.17009119,10.48984996,12.93523571,15.72120475,TJK
,38.98305085,67.125,84.69560878,84.95527523,83.97292945,74.58064516,39.01890189,29.72490175,35.67688856,55.23645415,41.49216475,35.41114058,32.60668294,29.69384991,30.68697161,35.116185,36.77777778,57.37416616,47.08302234,45.90441565,59.79715537,58.83274462,49.8393204,46.78017478,35.67546429,22.1440417,22.46839734,TKM
16.38905706,15.01724757,15.23417966,14.22896297,14.58043648,16.09100893,16.89229262,16.228644,15.53483369,17.01701415,18.1892858,17.92381282,20.75998141,22.04662011,23.90041162,24.05987461,23.15996833,22.35448969,22.33615691,19.19428128,20.65474476,21.67878391,21.29344504,20.43648276,19.48334008,20.25725788,20.67542808,20.85744171,TLA
,,,,,,,,,,10.61435791,8.970729762,7.804335278,6.86659392,7.475042437,7.136535445,9.229247239,9.9969323,9.346847796,9.166926382,8.565324818,6.331614144,7.201955846,5.585308204,4.572478014,3.03812602,3.126755624,2.371914398,TLS
20.24645524,20.55628068,19.56092127,22.86695179,23.60717221,22.06914773,21.65072389,27.24578165,24.98002161,28.01760837,31.48142732,29.08667318,32.74079331,34.84478531,35.47182019,38.64203492,38.98892067,38.1772267,38.72068208,30.92160082,32.35200864,32.79011635,32.32834061,31.89329941,28.39551081,24.64336812,23.54028882,28.07793151,TMN
33.87017859,22.90329732,23.64196662,19.8940888,17.38154896,17.48874394,20.35008595,21.13908184,19.88050625,15.63357705,14.44388503,13.03831086,18.25897208,19.3596076,19.67718966,17.81744907,14.4660635,12.15362259,15.72572633,13.37492465,12.41293672,15.91181935,17.01204097,20.35296903,16.81599751,17.02143955,27.03766161,23.61972868,TON
8.430364829,9.812335607,10.29501374,11.14066883,11.19293765,12.16249947,11.70464476,11.98997895,12.33361177,12.55558032,13.62439179,13.39933371,14.66160673,15.26675129,17.54491837,19.07709564,20.50305979,20.09454276,22.59712874,19.43915131,21.02529006,23.0678269,22.86566423,23.61407536,21.55237442,18.73010477,17.99454672,17.52078288,TSA
22.28499226,21.81161205,21.62103731,21.58167754,21.71305588,24.70153056,24.86072965,25.89622711,23.32262092,23.92055318,33.9055974,31.54858801,30.13428463,29.08536669,28.4138188,30.12559276,32.39162031,31.90647478,34.87161669,28.43616234,31.43935494,33.30039787,32.10774425,28.12451094,27.84061086,23.77600183,23.01195209,24.29515253,TSS
,,,,,,,,,,,,,,,,,,,,,,,,,,,,TTO
43.55705132,40.36562251,39.53508734,40.44533929,44.93227434,44.90435027,42.10937623,39.11408074,38.51978653,37.97904159,39.5467039,42.81668845,40.78458667,39.48345221,42.22114082,44.93229204,46.02700748,51.08611062,55.65826756,45.03981103,49.49686382,48.53176043,48.54621744,46.96656158,44.92428158,40.64230226,40.64128123,44.39043386,TUN
13.36510285,13.84113011,14.39223573,13.67380285,21.36213121,19.8916075,21.54265814,24.58171768,20.56833755,18.57785906,19.44877186,26.57792147,24.46069459,22.24313333,22.75048115,21.01778128,21.65041804,21.22022459,22.82625732,22.57367256,20.44880781,22.26240792,23.66736584,22.27225514,23.76433477,23.34593035,21.96508274,24.77379433,TUR
,,,,,,,,,,,,,,,,,,,,,,,,,,,,TUV
12.62114885,10.26206119,12.44183789,17.98310786,20.61398071,24.07472273,19.93716494,16.21810672,10.02503618,10.16335163,10.80908776,13.8322828,14.2767316,15.08793375,16.04006684,16.98336706,18.41499145,19.83062559,19.46461135,18.19426583,19.60752874,21.63428233,22.37207068,19.012204,18.06920945,17.10491135,16.34997466,15.14027774,TZA
7.240720859,7.464430308,8.761088805,7.062522977,8.740531831,11.79199233,11.96111327,13.35951368,9.639047588,12.2515739,10.65140929,11.51808264,11.21327917,11.38672483,12.69688075,14.17969998,15.27541338,16.72506853,24.28014234,18.76563568,13.93742633,12.96075281,15.61829331,16.6479441,15.07033501,12.98253067,12.52869204,16.66112942,UGA
27.64315204,26.11541544,23.98092494,25.87794136,35.38884835,47.07324897,45.65193117,40.5912252,41.88784579,53.70378974,62.44487564,52.51604237,52.16232989,54.68504291,60.25506416,48.74552459,44.14905946,42.46326874,44.4321852,43.91311781,47.05340086,49.81634488,47.72077977,42.95671984,48.59296182,52.59767951,49.29861946,48.01429815,UKR
17.35651152,16.79031801,22.84057097,20.51898978,20.8482995,20.95048881,20.85055713,22.06808704,23.30845221,24.40398654,26.64620069,25.484961,26.97999752,28.86489331,31.16238812,32.59439224,32.94917539,31.9154567,31.14530926,25.61390457,27.21807046,27.6691348,26.94313351,26.00458738,25.22115704,24.38651379,23.40559519,24.04893022,UMC
23.53212337,20.6936683,20.44757482,19.12601585,19.76681039,18.99681281,19.6699798,17.45784772,16.41991058,15.09765308,16.69809895,16.80465927,20.62167248,27.43242014,32.1122956,30.40401977,30.2975045,29.09048735,30.20302391,27.09921573,26.34299456,26.42214944,25.91962944,23.35313638,23.54266161,22.47785128,21.42754344,21.42909305,URY
9.254732068,9.660905122,9.708914906,9.547180392,9.893147416,10.63922388,10.74663556,11.11975452,10.51526112,10.30851018,10.69272396,9.68298331,9.13224882,9.043069872,9.641862742,10.01197377,10.6598221,11.49231417,12.48606313,10.94887766,12.31505808,13.53053901,13.52891897,13.54452444,13.53577393,12.44175298,11.8703515,12.09483379,USA
,,,,,,,27.10911827,22.56421953,18.17908919,24.66270426,29.67510608,30.92044509,38.23758635,41.78988663,37.80902948,36.51368764,39.67092941,41.1685228,34.66263094,27.91406753,26.52584089,21.38794491,20.82313066,17.73277602,15.33207377,14.87729682,21.80110512,UZB
54.15369312,44.48578571,49.63649076,41.73182683,38.78390841,43.13526981,45.02011235,42.65590604,42.13234763,45.34847755,45.27688749,40.91331533,38.60558696,35.87522879,35.35001811,36.4144029,34.7002818,31.00611367,30.22139976,28.49330241,26.89269346,27.03623566,27.17433135,,,,,,VCT
38.17531647,30.34018197,25.50148942,26.08726815,29.86607643,26.23126236,35.33430587,29.25901061,20.92048648,22.9117089,29.74421966,22.73563157,30.43357055,33.85338941,36.19835357,39.65865274,36.51862161,31.13053886,30.82166901,18.07151887,28.53040699,29.94301461,26.17101425,24.7649783,16.69382735,,,,VEN
,,,,,,,,,,,,,,,,,,,,,,,,,,,,VGB
,,,,,,,,,,,,147.1092077,188.8213148,226.4806528,262.0410002,282.6376554,294.4201541,433.2235294,254.9845349,298.3406315,339.0186365,80.04884005,67.11855396,77.16731088,74.57310566,72.35309345,72.50324254,VIR
36.03861364,30.91503934,34.74559582,28.72278267,34.01312864,32.81285533,40.86848743,43.10270675,44.84830338,49.96624597,53.92149701,55.06193328,54.73913369,56.67325792,59.73104141,63.69949267,67.71681433,70.5178746,70.33669194,62.60888407,72.00235607,79.39087299,80.0286188,83.62614117,86.40475934,89.77924864,93.62393906,101.5934358,VNM
47.08229964,42.65396103,45.60946001,46.00078716,45.3159895,44.64782824,45.96035194,52.13827993,42.28952404,37.37858464,39.17897492,37.95624333,42.31000711,43.27763898,45.59958827,45.38333179,41.27085348,40.79479286,45.16207574,49.11009076,46.62651667,44.33987555,49.08789615,47.82396475,48.55579011,,,,VUT
19.33572817,19.20111745,20.65719853,20.14622235,20.8725838,21.85433281,22.0372544,23.15492572,23.36606583,23.70040621,25.97017777,25.27276283,25.25110597,25.78323666,27.44461664,28.5910085,29.79240614,30.04367992,30.70675617,26.51225211,28.91611047,30.50290007,30.56549372,30.33677636,30.11192064,29.24505379,28.39687959,29.33778819,WLD
,,,,,,,,,,,,33.43310377,30.59969656,28.19634013,29.22409455,29.2678482,29.36828733,28.85610741,30.07005257,28.42962325,28.65152475,28.394018,28.87874288,29.04231243,28.37533317,30.38196164,31.5499226,WSM
,,,,,,,,,,,,5.718210361,5.612741125,10.83650855,11.29859107,14.39846069,16.08360771,15.68198207,17.07538824,19.94547933,23.63069893,23.25650352,21.92956107,22.50202066,21.93731703,23.69812688,26.64993218,XKX
,,,,,,,,,,,,,,,,,,,,,,,,,,,,YEM
23.49492091,21.0980438,20.70373681,21.82512919,21.47418652,22.13559863,24.08026334,23.9873307,25.00505476,24.69520924,27.15888005,29.37482794,31.78083655,26.88506116,25.46709621,26.44666415,29.27389366,31.17385051,35.62243807,27.91188817,28.61523338,30.46094059,29.72387936,30.97134112,31.46864521,30.15288833,30.580928,29.62766937,ZAF
,,,,32.95039546,32.90102671,28.47890922,27.37125756,24.61776357,25.0372194,23.92386083,25.1096991,27.13367833,25.68396403,33.53998225,30.61071231,32.59295869,33.59119321,28.91935971,29.25099767,37.02593331,40.47122267,40.08291099,40.48277477,38.82240606,37.13971093,35.32466329,34.99288924,ZMB
22.86684557,23.88346897,27.22726311,30.7196169,34.59997605,38.23634361,36.13007288,37.59527266,43.39308496,37.40857975,38.15975456,34.95891269,31.83479887,32.39705909,34.46979901,33.54864819,35.95616853,37.7853733,41.46684872,19.47749803,29.64089522,34.80080156,25.1632537,21.98775864,20.93014592,19.16017579,19.94353155,19.6580228,ZWE
